{
  "resourceType" : "Bundle",
  "id" : "fcbd0d5b-1183-400f-b497-9a8e81f07ff9",
  "meta" : {
    "profile" : ["http://medcomfhir.dk/ig/conditionlist/StructureDefinition/medcom-conditionlist-bundle"]
  },
  "identifier" : {
    "system" : "urn:ietf:rfc:3986",
    "value" : "urn:uuid:e2ef3bda-25eb-44af-abbe-d4b71f551f59"
  },
  "type" : "document",
  "timestamp" : "2025-04-29T12:10:30+02:00",
  "entry" : [{
    "fullUrl" : "http://medcomfhir.dk/ig/conditionlist/Composition/1c4a93bb-dc56-4bac-9740-d733caaedf7a",
    "resource" : {
      "resourceType" : "Composition",
      "id" : "1c4a93bb-dc56-4bac-9740-d733caaedf7a",
      "meta" : {
        "profile" : ["http://medcomfhir.dk/ig/conditionlist/StructureDefinition/medcom-conditionlist-composition"]
      },
      "language" : "da",
      "text" : {
        "status" : "generated",
        "div" : "<div xmlns=\"http://www.w3.org/1999/xhtml\" xml:lang=\"da\" lang=\"da\"><a name=\"Composition_1c4a93bb-dc56-4bac-9740-d733caaedf7a\"> </a><p class=\"res-header-id\"><b>Generated Narrative: Composition 1c4a93bb-dc56-4bac-9740-d733caaedf7a</b></p><a name=\"1c4a93bb-dc56-4bac-9740-d733caaedf7a\"> </a><a name=\"hc1c4a93bb-dc56-4bac-9740-d733caaedf7a\"> </a><a name=\"1c4a93bb-dc56-4bac-9740-d733caaedf7a-en-US\"> </a><div style=\"display: inline-block; background-color: #d9e0e7; padding: 6px; margin: 4px; border: 1px solid #8da1b4; border-radius: 5px; line-height: 60%\"><p style=\"margin-bottom: 0px\">Language: da</p><p style=\"margin-bottom: 0px\">Profile: <a href=\"StructureDefinition-medcom-conditionlist-composition.html\">MedComConditionListComposition</a></p></div><p><b>status</b>: Final</p><p><b>type</b>: <span title=\"Codes:{http://loinc.org 11450-4}\">Problem list - Reported</span></p><p><b>date</b>: 2024-01-12 09:23:00+0100</p><p><b>author</b>: <a href=\"Organization-d39a8251-db8e-4b92-ae80-c89857fd1af9.html\">Organization MedCom Testcenter</a></p><p><b>title</b>: Diagnoseoversigt for 0511699884</p><p><b>confidentiality</b>: normal</p><h3>Attesters</h3><table class=\"grid\"><tr><td style=\"display: none\">-</td><td><b>Mode</b></td></tr><tr><td style=\"display: none\">*</td><td>Official</td></tr></table></div>"
      },
      "status" : "final",
      "type" : {
        "coding" : [{
          "system" : "http://loinc.org",
          "code" : "11450-4",
          "display" : "Problem list - Reported"
        }]
      },
      "subject" : {
        "reference" : "Patient/76ceb895-4de3-4582-83e0-5e65a3fb1242"
      },
      "date" : "2024-01-12T09:23:00+01:00",
      "author" : [{
        "reference" : "Organization/d39a8251-db8e-4b92-ae80-c89857fd1af9"
      }],
      "title" : "Diagnoseoversigt for 0511699884",
      "confidentiality" : "N",
      "attester" : [{
        "mode" : "official"
      }],
      "section" : [{
        "entry" : [{
          "reference" : "Condition/7aa1d33b-ae2f-43d3-8c08-d68159d8f563"
        },
        {
          "reference" : "Condition/123btjledikg-sdfljg215687"
        },
        {
          "reference" : "Condition/b1b0260e-b2ea-460c-ac57-95efaa6423c5"
        }]
      }]
    }
  },
  {
    "fullUrl" : "http://medcomfhir.dk/ig/conditionlist/Patient/76ceb895-4de3-4582-83e0-5e65a3fb1242",
    "resource" : {
      "resourceType" : "Patient",
      "id" : "76ceb895-4de3-4582-83e0-5e65a3fb1242",
      "meta" : {
        "profile" : ["http://medcomfhir.dk/ig/document/StructureDefinition/medcom-document-patient"]
      },
      "text" : {
        "status" : "generated",
        "div" : "<div xmlns=\"http://www.w3.org/1999/xhtml\"><a name=\"Patient_76ceb895-4de3-4582-83e0-5e65a3fb1242\"> </a><p class=\"res-header-id\"><b>Generated Narrative: Patient 76ceb895-4de3-4582-83e0-5e65a3fb1242</b></p><a name=\"76ceb895-4de3-4582-83e0-5e65a3fb1242\"> </a><a name=\"hc76ceb895-4de3-4582-83e0-5e65a3fb1242\"> </a><a name=\"76ceb895-4de3-4582-83e0-5e65a3fb1242-en-US\"> </a><p style=\"border: 1px #661aff solid; background-color: #e6e6ff; padding: 10px;\">Emma Receive CarlsenE (official) Female, DoB: 1969-11-05 ( urn:oid:1.2.208.176.1.2#0511699884)</p><hr/></div>"
      },
      "identifier" : [{
        "system" : "urn:oid:1.2.208.176.1.2",
        "value" : "0511699884"
      }],
      "name" : [{
        "use" : "official",
        "family" : "CarlsenE",
        "given" : ["Emma",
        "Receive"]
      }],
      "gender" : "female",
      "birthDate" : "1969-11-05"
    }
  },
  {
    "fullUrl" : "http://medcomfhir.dk/ig/conditionlist/Organization/d39a8251-db8e-4b92-ae80-c89857fd1af9",
    "resource" : {
      "resourceType" : "Organization",
      "id" : "d39a8251-db8e-4b92-ae80-c89857fd1af9",
      "meta" : {
        "profile" : ["http://medcomfhir.dk/ig/conditionlist/StructureDefinition/medcom-conditionlist-organization"]
      },
      "text" : {
        "status" : "generated",
        "div" : "<div xmlns=\"http://www.w3.org/1999/xhtml\"><a name=\"Organization_d39a8251-db8e-4b92-ae80-c89857fd1af9\"> </a><p class=\"res-header-id\"><b>Generated Narrative: Organization d39a8251-db8e-4b92-ae80-c89857fd1af9</b></p><a name=\"d39a8251-db8e-4b92-ae80-c89857fd1af9\"> </a><a name=\"hcd39a8251-db8e-4b92-ae80-c89857fd1af9\"> </a><a name=\"d39a8251-db8e-4b92-ae80-c89857fd1af9-en-US\"> </a><p><b>identifier</b>: <code>urn:oid:1.2.208.176.1.1</code>/325381000016008, <code>urn:oid:1.2.208.176.1.4</code>/091034</p><p><b>name</b>: MedCom Testcenter</p></div>"
      },
      "identifier" : [{
        "system" : "urn:oid:1.2.208.176.1.1",
        "value" : "325381000016008"
      },
      {
        "system" : "urn:oid:1.2.208.176.1.4",
        "value" : "091034"
      }],
      "name" : "MedCom Testcenter"
    }
  },
  {
    "fullUrl" : "http://medcomfhir.dk/ig/conditionlist/Condition/7aa1d33b-ae2f-43d3-8c08-d68159d8f563",
    "resource" : {
      "resourceType" : "Condition",
      "id" : "7aa1d33b-ae2f-43d3-8c08-d68159d8f563",
      "meta" : {
        "profile" : ["http://medcomfhir.dk/ig/conditionlist/StructureDefinition/medcom-conditionlist-condition"]
      },
      "text" : {
        "status" : "generated",
        "div" : "<div xmlns=\"http://www.w3.org/1999/xhtml\"><a name=\"Condition_7aa1d33b-ae2f-43d3-8c08-d68159d8f563\"> </a><p class=\"res-header-id\"><b>Generated Narrative: Condition 7aa1d33b-ae2f-43d3-8c08-d68159d8f563</b></p><a name=\"7aa1d33b-ae2f-43d3-8c08-d68159d8f563\"> </a><a name=\"hc7aa1d33b-ae2f-43d3-8c08-d68159d8f563\"> </a><a name=\"7aa1d33b-ae2f-43d3-8c08-d68159d8f563-en-US\"> </a><p><b>clinicalStatus</b>: <span title=\"Codes:{http://terminology.hl7.org/CodeSystem/condition-clinical resolved}\">Resolved</span></p><p><b>category</b>: <span title=\"Codes:{http://terminology.hl7.org/CodeSystem/condition-category problem-list-item}\">Problem List Item</span>, <span title=\"Codes:{http://snomed.info/sct 723506003}\">Resolved (qualifier value)</span></p><p><b>code</b>: <span title=\"Codes:{urn:oid:1.2.208.176.2.4.12 DJ449}, {urn:oid:1.2.208.176.2.31 R95}\">Kronisk obstruktiv lungesygdom UNS</span></p><p><b>subject</b>: <a href=\"Patient-76ceb895-4de3-4582-83e0-5e65a3fb1242.html\">Emma Receive CarlsenE (official) Female, DoB: 1969-11-05 ( urn:oid:1.2.208.176.1.2#0511699884)</a></p><p><b>onset</b>: 2003-01-01 14:20:00+0100</p><p><b>abatement</b>: 2023-03-03 13:43:00+0100</p><p><b>recordedDate</b>: 2019-06-08 12:16:00+0200</p><p><b>note</b>: Rygning og asbest</p></div>"
      },
      "clinicalStatus" : {
        "coding" : [{
          "system" : "http://terminology.hl7.org/CodeSystem/condition-clinical",
          "code" : "resolved"
        }]
      },
      "category" : [{
        "coding" : [{
          "system" : "http://terminology.hl7.org/CodeSystem/condition-category",
          "code" : "problem-list-item"
        }]
      },
      {
        "coding" : [{
          "system" : "http://snomed.info/sct",
          "code" : "723506003"
        }]
      }],
      "code" : {
        "coding" : [{
          "system" : "urn:oid:1.2.208.176.2.4.12",
          "code" : "DJ449",
          "display" : "Kronisk obstruktiv lungesygdom UNS"
        },
        {
          "system" : "urn:oid:1.2.208.176.2.31",
          "code" : "R95",
          "display" : "Kronisk obstruktiv lungesygdom"
        }],
        "text" : "Kronisk obstruktiv lungesygdom UNS"
      },
      "subject" : {
        "reference" : "Patient/76ceb895-4de3-4582-83e0-5e65a3fb1242"
      },
      "onsetDateTime" : "2003-01-01T14:20:00+01:00",
      "abatementDateTime" : "2023-03-03T13:43:00+01:00",
      "recordedDate" : "2019-06-08T12:16:00+02:00",
      "note" : [{
        "text" : "Rygning og asbest"
      }]
    }
  },
  {
    "fullUrl" : "http://medcomfhir.dk/ig/conditionlist/Condition/123btjledikg-sdfljg215687",
    "resource" : {
      "resourceType" : "Condition",
      "id" : "123btjledikg-sdfljg215687",
      "meta" : {
        "profile" : ["http://medcomfhir.dk/ig/conditionlist/StructureDefinition/medcom-conditionlist-condition"]
      },
      "text" : {
        "status" : "generated",
        "div" : "<div xmlns=\"http://www.w3.org/1999/xhtml\"><a name=\"Condition_123btjledikg-sdfljg215687\"> </a><p class=\"res-header-id\"><b>Generated Narrative: Condition 123btjledikg-sdfljg215687</b></p><a name=\"123btjledikg-sdfljg215687\"> </a><a name=\"hc123btjledikg-sdfljg215687\"> </a><a name=\"123btjledikg-sdfljg215687-en-US\"> </a><p><b>clinicalStatus</b>: <span title=\"Codes:{http://terminology.hl7.org/CodeSystem/condition-clinical resolved}\">Resolved</span></p><p><b>category</b>: <span title=\"Codes:{http://terminology.hl7.org/CodeSystem/condition-category problem-list-item}\">Problem List Item</span>, <span title=\"Codes:{http://snomed.info/sct 15240007}\">Current</span></p><p><b>code</b>: <span title=\"Codes:{urn:oid:1.2.208.176.2.4.12 DE119a}, {urn:oid:1.2.208.176.2.31 T90}\">Diabetes Type 2</span></p><p><b>subject</b>: <a href=\"Patient-76ceb895-4de3-4582-83e0-5e65a3fb1242.html\">Emma Receive CarlsenE (official) Female, DoB: 1969-11-05 ( urn:oid:1.2.208.176.1.2#0511699884)</a></p><p><b>onset</b>: 2022-03-14 14:26:00+0100</p><p><b>recordedDate</b>: 2022-03-14 14:26:00+0100</p></div>"
      },
      "clinicalStatus" : {
        "coding" : [{
          "system" : "http://terminology.hl7.org/CodeSystem/condition-clinical",
          "code" : "resolved"
        }]
      },
      "category" : [{
        "coding" : [{
          "system" : "http://terminology.hl7.org/CodeSystem/condition-category",
          "code" : "problem-list-item"
        }]
      },
      {
        "coding" : [{
          "system" : "http://snomed.info/sct",
          "code" : "15240007"
        }]
      }],
      "code" : {
        "coding" : [{
          "system" : "urn:oid:1.2.208.176.2.4.12",
          "code" : "DE119a"
        },
        {
          "system" : "urn:oid:1.2.208.176.2.31",
          "code" : "T90",
          "display" : "Diabetes Type 2"
        }],
        "text" : "Diabetes Type 2"
      },
      "subject" : {
        "reference" : "Patient/76ceb895-4de3-4582-83e0-5e65a3fb1242"
      },
      "onsetDateTime" : "2022-03-14T14:26:00+01:00",
      "recordedDate" : "2022-03-14T14:26:00+01:00"
    }
  },
  {
    "fullUrl" : "http://medcomfhir.dk/ig/conditionlist/Condition/b1b0260e-b2ea-460c-ac57-95efaa6423c5",
    "resource" : {
      "resourceType" : "Condition",
      "id" : "b1b0260e-b2ea-460c-ac57-95efaa6423c5",
      "meta" : {
        "profile" : ["http://medcomfhir.dk/ig/conditionlist/StructureDefinition/medcom-conditionlist-condition"]
      },
      "text" : {
        "status" : "generated",
        "div" : "<div xmlns=\"http://www.w3.org/1999/xhtml\"><a name=\"Condition_b1b0260e-b2ea-460c-ac57-95efaa6423c5\"> </a><p class=\"res-header-id\"><b>Generated Narrative: Condition b1b0260e-b2ea-460c-ac57-95efaa6423c5</b></p><a name=\"b1b0260e-b2ea-460c-ac57-95efaa6423c5\"> </a><a name=\"hcb1b0260e-b2ea-460c-ac57-95efaa6423c5\"> </a><a name=\"b1b0260e-b2ea-460c-ac57-95efaa6423c5-en-US\"> </a><p><b>category</b>: <span title=\"Codes:{http://terminology.hl7.org/CodeSystem/condition-category encounter-diagnosis}\">Encounter Diagnosis</span>, <span title=\"Codes:{http://snomed.info/sct 723506003}\">Resolved (qualifier value)</span></p><p><b>code</b>: <span title=\"Codes:{urn:oid:1.2.208.176.2.4.12 DE660b}, {urn:oid:1.2.208.176.2.31 T82}\">Fedme (BMI 30-34,9)</span></p><p><b>bodySite</b>: <span title=\"Codes:{http://snomed.info/sct 4011000179103}\">Lunger</span></p><p><b>subject</b>: <a href=\"Patient-76ceb895-4de3-4582-83e0-5e65a3fb1242.html\">Emma Receive CarlsenE (official) Female, DoB: 1969-11-05 ( urn:oid:1.2.208.176.1.2#0511699884)</a></p><p><b>onset</b>: 2024-01-12 09:23:00+0100</p><p><b>recordedDate</b>: 2024-01-12 09:23:00+0100</p></div>"
      },
      "category" : [{
        "coding" : [{
          "system" : "http://terminology.hl7.org/CodeSystem/condition-category",
          "code" : "encounter-diagnosis"
        }]
      },
      {
        "coding" : [{
          "system" : "http://snomed.info/sct",
          "code" : "723506003"
        }]
      }],
      "code" : {
        "coding" : [{
          "system" : "urn:oid:1.2.208.176.2.4.12",
          "code" : "DE660b",
          "display" : "Fedme (BMI 30-34,9)"
        },
        {
          "system" : "urn:oid:1.2.208.176.2.31",
          "code" : "T82",
          "display" : "Fedme"
        }],
        "text" : "Fedme (BMI 30-34,9)"
      },
      "bodySite" : [{
        "coding" : [{
          "system" : "http://snomed.info/sct",
          "code" : "4011000179103",
          "display" : "Lunger"
        }]
      }],
      "subject" : {
        "reference" : "Patient/76ceb895-4de3-4582-83e0-5e65a3fb1242"
      },
      "onsetDateTime" : "2024-01-12T09:23:00+01:00",
      "recordedDate" : "2024-01-12T09:23:00+01:00"
    }
  }]
}